{"cameraMode":{"drawMode":0,"name":"Shaded","section":"Shading Mode"},"sceneLighting":true,"audioPlay":false,"sceneViewState":{"showFog":true,"showMaterialUpdate":false,"showSkybox":true,"showFlares":true,"showImageEffects":true,"showParticleSystems":true},"in2DMode":false,"pivot":{"x":1.394331932067871,"y":1.6491097211837769,"z":8.466791152954102},"rotation":{"x":-0.27341127395629885,"y":0.0754949152469635,"z":-0.021572094410657884,"w":-0.9587276577949524},"size":12.533430099487305,"orthographic":false}