{"cameraMode":{"drawMode":0,"name":"Shaded","section":"Shading Mode"},"sceneLighting":true,"audioPlay":false,"sceneViewState":{"showFog":true,"showMaterialUpdate":false,"showSkybox":true,"showFlares":true,"showImageEffects":true,"showParticleSystems":true},"in2DMode":false,"pivot":{"x":-3.1723434925079347,"y":-7.677369117736816,"z":1.7123632431030274},"rotation":{"x":0.29276105761528017,"y":-0.03553927689790726,"z":0.010940475389361382,"w":0.9555183053016663},"size":23.483169555664064,"orthographic":false}