{"cameraMode":{"drawMode":0,"name":"Shaded","section":"Shading Mode"},"sceneLighting":true,"audioPlay":false,"sceneViewState":{"showFog":true,"showMaterialUpdate":false,"showSkybox":true,"showFlares":true,"showImageEffects":true,"showParticleSystems":true},"in2DMode":false,"pivot":{"x":0.0,"y":2.8599507808685304,"z":-0.36249983310699465},"rotation":{"x":0.12886959314346314,"y":0.3768075108528137,"z":-0.05306209996342659,"w":0.9158467054367065},"size":30.389705657958986,"orthographic":false}