{"cameraMode":{"drawMode":0,"name":"Shaded","section":"Shading Mode"},"sceneLighting":true,"audioPlay":false,"sceneViewState":{"showFog":true,"showMaterialUpdate":false,"showSkybox":true,"showFlares":true,"showImageEffects":true,"showParticleSystems":true},"in2DMode":false,"pivot":{"x":1.0006219148635865,"y":3.617359161376953,"z":-2.5904853343963625},"rotation":{"x":-0.25448936223983767,"y":-0.4737856090068817,"z":0.14512279629707337,"w":-0.8305256366729736},"size":1.5953638553619385,"orthographic":false}