{"cameraMode":{"drawMode":0,"name":"Shaded","section":"Shading Mode"},"sceneLighting":true,"audioPlay":false,"sceneViewState":{"showFog":true,"showMaterialUpdate":false,"showSkybox":true,"showFlares":true,"showImageEffects":true,"showParticleSystems":true},"in2DMode":false,"pivot":{"x":6.616916656494141,"y":6.050970077514648,"z":-3.6609230041503908},"rotation":{"x":0.010869396850466729,"y":-0.9802510142326355,"z":0.05623861774802208,"w":0.18932613730430604},"size":21.9554500579834,"orthographic":false}