{"cameraMode":{"drawMode":0,"name":"Shaded","section":"Shading Mode"},"sceneLighting":true,"audioPlay":false,"sceneViewState":{"showFog":true,"showMaterialUpdate":false,"showSkybox":true,"showFlares":true,"showImageEffects":true,"showParticleSystems":true},"in2DMode":false,"pivot":{"x":1.771484375,"y":1.77689790725708,"z":15.998533248901368},"rotation":{"x":0.17309711873531342,"y":-0.01713450253009796,"z":0.003011905588209629,"w":0.98475182056427},"size":20.28864288330078,"orthographic":true}