{"cameraMode":{"drawMode":0,"name":"Shaded","section":"Shading Mode"},"sceneLighting":false,"audioPlay":false,"sceneViewState":{"showFog":true,"showMaterialUpdate":false,"showSkybox":false,"showFlares":true,"showImageEffects":true,"showParticleSystems":true},"in2DMode":false,"pivot":{"x":1.7089594602584839,"y":2.4701037406921388,"z":8.651935577392579},"rotation":{"x":0.2643243670463562,"y":-0.5029063820838928,"z":0.16491958498954774,"w":0.8063037991523743},"size":14.232656478881836,"orthographic":false}