{"cameraMode":{"drawMode":0,"name":"Shaded","section":"Shading Mode"},"sceneLighting":false,"audioPlay":false,"sceneViewState":{"showFog":true,"showMaterialUpdate":false,"showSkybox":false,"showFlares":true,"showImageEffects":true,"showParticleSystems":true},"in2DMode":false,"pivot":{"x":1.1099951267242432,"y":1.8099950551986695,"z":8.469995498657227},"rotation":{"x":0.09644446521997452,"y":0.23103900253772736,"z":-0.023017067462205888,"w":0.967944324016571},"size":28.81586456298828,"orthographic":false}